{"cameraMode":{"drawMode":0,"name":"Shaded","section":"Shading Mode"},"sceneLighting":true,"audioPlay":false,"sceneViewState":{"m_AlwaysRefresh":false,"showFog":true,"showSkybox":true,"showFlares":true,"showImageEffects":true,"showParticleSystems":true,"showVisualEffectGraphs":true,"m_FxEnabled":true},"in2DMode":false,"pivot":{"x":4.836962699890137,"y":1.8914730548858643,"z":-1.845649003982544},"rotation":{"x":-0.2245977371931076,"y":0.08495638519525528,"z":-0.019665153697133066,"w":-0.9705525636672974},"size":11.797553062438965,"orthographic":false}